ID,Nombre,Categoría/Modelo,Marca,Género,Precio,Moneda,Precio Formateado,Descripción,Cantidad Disponible,Estado,SKU,Enlace de Compra (WhatsApp),Fotos Locales,Fotos Originales,Fecha de Creación,Fecha de Actualización
81101293-9189-4b3c-9785-79cecedece19,Adidas 2000,Nuevos Ingresos,Adidas,Unisex,2550,UYU,$ 2.550 UYU,Sin descripción,1,Nuevo,RR0002,https://wa.me/+59891722213?text=Hola%2C+estoy+interesado+en+este+producto%3A+Adidas+2000+https%3A%2F%2Fgenuinosuy.rdi.store%2Fprodutos%2F81101293-9189-4b3c-9785-79cecedece19,Adidas_2000_1.jpg; Adidas_2000_2.jpg; Adidas_2000_3.jpg; Adidas_2000_4.jpg; Adidas_2000_5.jpg,https://assets.rediredi.com/items/images/c413934f-abb7-4d2f-b3c5-0366a2b750d6_4221b12e-4041-4ed9-8ce7-481b3503815d.jpg; https://assets.rediredi.com/items/images/c413934f-abb7-4d2f-b3c5-0366a2b750d6_934aa2e8-36ab-4abb-af21-b4ebd7dc6def.jpg; https://assets.rediredi.com/items/images/c413934f-abb7-4d2f-b3c5-0366a2b750d6_e43dabe6-ca76-40ff-b5f1-b9cea76bb034.jpg; https://assets.rediredi.com/items/images/c413934f-abb7-4d2f-b3c5-0366a2b750d6_044710e5-93b4-42c8-baa9-5fc7e76b53a3.jpg; https://assets.rediredi.com/items/images/c413934f-abb7-4d2f-b3c5-0366a2b750d6_833de091-9538-4882-abe3-6c65f49e380b.jpg,2025-10-17T02:36:51.225Z,2025-10-24T15:52:27.227Z
2f3f575a-3bb7-4553-a2b2-dc4384b3d118,Adidas Campus,Campus,Adidas,Unisex,2990,UYU,$ 2.990 UYU,Sin descripción,1,Nuevo,RR0001,https://wa.me/+59891722213?text=Hola%2C+estoy+interesado+en+este+producto%3A+Adidas+Campus+https%3A%2F%2Fgenuinosuy.rdi.store%2Fprodutos%2F2f3f575a-3bb7-4553-a2b2-dc4384b3d118,Adidas_Campus_1.jpg; Adidas_Campus_2.jpg; Adidas_Campus_3.jpg; Adidas_Campus_4.jpg; Adidas_Campus_5.jpg; Adidas_Campus_6.jpg; Adidas_Campus_7.jpg; Adidas_Campus_8.jpg,https://assets.rediredi.com/items/images/c413934f-abb7-4d2f-b3c5-0366a2b750d6_164ecf66-7ca1-40d1-9753-62cbaa0bc8e7.jpg; https://assets.rediredi.com/items/images/c413934f-abb7-4d2f-b3c5-0366a2b750d6_f0170d8c-7f6c-4414-91d2-8f02e8885c4a.jpg; https://assets.rediredi.com/items/images/c413934f-abb7-4d2f-b3c5-0366a2b750d6_50f425a9-c709-4bf6-82ee-1fbfc4228091.jpg; https://assets.rediredi.com/items/images/c413934f-abb7-4d2f-b3c5-0366a2b750d6_2c816525-46cf-4435-9a9a-47781084da68.jpg; https://assets.rediredi.com/items/images/c413934f-abb7-4d2f-b3c5-0366a2b750d6_7505b80c-5a5a-417a-851f-98d2031edfca.jpg; https://assets.rediredi.com/items/images/c413934f-abb7-4d2f-b3c5-0366a2b750d6_75d50b5d-d238-452a-978a-24c8bb53097e.jpg; https://assets.rediredi.com/items/images/c413934f-abb7-4d2f-b3c5-0366a2b750d6_26610f57-b58b-474f-b8a3-feea355d87c2.jpg; https://assets.rediredi.com/items/images/c413934f-abb7-4d2f-b3c5-0366a2b750d6_72a1a98d-c635-483e-8f18-685ebdd0f141.jpg,2025-10-17T02:12:25.903Z,2025-10-17T15:09:01.905Z
d4c1241c-54da-4efb-82ec-e1290b8279c5,Adidas Campus X Bad Bunny,Campus X Bad Búnny,Adidas,Unisex,2690,UYU,$ 2.690 UYU,Sin descripción,1,Nuevo,RR0029,https://wa.me/+59891722213?text=Hola%2C+estoy+interesado+en+este+producto%3A+Adidas+Campus+X+Bad+Bunny+https%3A%2F%2Fgenuinosuy.rdi.store%2Fprodutos%2Fd4c1241c-54da-4efb-82ec-e1290b8279c5,Adidas_Campus_X_Bad_Bunny_1.jpg; Adidas_Campus_X_Bad_Bunny_2.jpg; Adidas_Campus_X_Bad_Bunny_3.jpg; Adidas_Campus_X_Bad_Bunny_4.jpg; Adidas_Campus_X_Bad_Bunny_5.jpg; Adidas_Campus_X_Bad_Bunny_6.jpg; Adidas_Campus_X_Bad_Bunny_7.jpg,https://assets.rediredi.com/items/images/c413934f-abb7-4d2f-b3c5-0366a2b750d6_f8b886c9-6213-4450-92d6-32ccd47ddc3c.jpg; https://assets.rediredi.com/items/images/c413934f-abb7-4d2f-b3c5-0366a2b750d6_f8f06cc1-a80c-450c-9349-998166e2e716.jpg; https://assets.rediredi.com/items/images/c413934f-abb7-4d2f-b3c5-0366a2b750d6_865160ae-1264-4a2b-9892-f8f7c3a6aefd.jpg; https://assets.rediredi.com/items/images/c413934f-abb7-4d2f-b3c5-0366a2b750d6_00305c1d-7ba7-4ca4-8299-3729b80c5f45.jpg; https://assets.rediredi.com/items/images/c413934f-abb7-4d2f-b3c5-0366a2b750d6_5035a4fb-85d5-44b8-b141-e807673226c5.jpg; https://assets.rediredi.com/items/images/c413934f-abb7-4d2f-b3c5-0366a2b750d6_18c69d4b-6ade-462c-b465-a9d3595943d3.jpg; https://assets.rediredi.com/items/images/c413934f-abb7-4d2f-b3c5-0366a2b750d6_8a0a70ba-8ecb-4c36-9810-f0ca5052272a.jpg,2025-10-17T04:14:59.920Z,2026-06-12T01:44:05.866Z
e7fa1beb-d445-497c-a039-cd8f6a352b22,Adidas Forum,Forum,Adidas,Unisex,2550,UYU,$ 2.550 UYU,Sin descripción,1,Nuevo,RR0016,https://wa.me/+59891722213?text=Hola%2C+estoy+interesado+en+este+producto%3A+Adidas+Forum+https%3A%2F%2Fgenuinosuy.rdi.store%2Fprodutos%2Fe7fa1beb-d445-497c-a039-cd8f6a352b22,Adidas_Forum_1.jpg; Adidas_Forum_2.jpg; Adidas_Forum_3.jpg; Adidas_Forum_4.jpg; Adidas_Forum_5.jpg,https://assets.rediredi.com/items/images/c413934f-abb7-4d2f-b3c5-0366a2b750d6_09dc5ee8-9ee0-4090-bd2f-c7ab099910bd.jpg; https://assets.rediredi.com/items/images/c413934f-abb7-4d2f-b3c5-0366a2b750d6_0de9ea88-d53e-4af5-b528-31c30929143e.jpg; https://assets.rediredi.com/items/images/c413934f-abb7-4d2f-b3c5-0366a2b750d6_0b7fd7ab-b07a-4a96-819b-aa0f2bba9fcb.jpg; https://assets.rediredi.com/items/images/c413934f-abb7-4d2f-b3c5-0366a2b750d6_8587ff17-75ba-449a-8e6a-ede4308bacb7.jpg; https://assets.rediredi.com/items/images/c413934f-abb7-4d2f-b3c5-0366a2b750d6_4f75423e-d619-41b2-8085-ac531f0f9cfe.jpg,2025-10-17T03:36:40.021Z,2026-06-12T01:38:39.526Z
11b21b2c-2057-4266-8c5d-0267111dba05,Adidas Forum,Forum,Adidas,Unisex,2690,UYU,$ 2.690 UYU,Sin descripción,1,Nuevo,RR0003,https://wa.me/+59891722213?text=Hola%2C+estoy+interesado+en+este+producto%3A+Adidas+Forum+https%3A%2F%2Fgenuinosuy.rdi.store%2Fprodutos%2F11b21b2c-2057-4266-8c5d-0267111dba05,Adidas_Forum_1.jpg; Adidas_Forum_2.jpg; Adidas_Forum_3.jpg; Adidas_Forum_4.jpg,https://assets.rediredi.com/items/images/c413934f-abb7-4d2f-b3c5-0366a2b750d6_389b6a93-8d7e-4964-939f-115f4531758c.jpg; https://assets.rediredi.com/items/images/c413934f-abb7-4d2f-b3c5-0366a2b750d6_971ee521-10f8-4dea-9708-52aaa65681bd.jpg; https://assets.rediredi.com/items/images/c413934f-abb7-4d2f-b3c5-0366a2b750d6_76f0abc6-9168-4a07-b38c-c5471fb2b082.jpg; https://assets.rediredi.com/items/images/c413934f-abb7-4d2f-b3c5-0366a2b750d6_7aa67745-f036-4e1c-aa21-571886e5aab9.jpg,2025-10-17T02:41:02.678Z,2025-10-17T03:15:31.004Z
98297aa9-7373-4dc0-a7ed-352dcb981800,Adidas Gazelle,Gazelle,Adidas,Unisex,2550,UYU,$ 2.550 UYU,Sin descripción,1,Nuevo,RR0033,https://wa.me/+59891722213?text=Hola%2C+estoy+interesado+en+este+producto%3A+Adidas+Gazelle+https%3A%2F%2Fgenuinosuy.rdi.store%2Fprodutos%2F98297aa9-7373-4dc0-a7ed-352dcb981800,Adidas_Gazelle_1.jpg; Adidas_Gazelle_2.jpg; Adidas_Gazelle_3.jpg; Adidas_Gazelle_4.jpg,https://assets.rediredi.com/items/images/c413934f-abb7-4d2f-b3c5-0366a2b750d6_9c037ecf-fcd8-4e32-b7c0-b97b6196ae21.jpg; https://assets.rediredi.com/items/images/c413934f-abb7-4d2f-b3c5-0366a2b750d6_d39c04f3-1f1f-459c-bf23-8a2199f76e93.jpg; https://assets.rediredi.com/items/images/c413934f-abb7-4d2f-b3c5-0366a2b750d6_2409ad82-dd62-4721-83ca-7f8e014369f0.jpg; https://assets.rediredi.com/items/images/c413934f-abb7-4d2f-b3c5-0366a2b750d6_374d0480-2819-41b0-b6a6-ef23392f6cef.jpg,2025-10-17T15:09:57.413Z,2025-10-17T15:10:06.694Z
441e4fb8-7bb1-4162-acd8-0d3a0b486ce2,Adidas Samba,Samba,Adidas,Unisex,2290,UYU,$ 2.290 UYU,Sin descripción,0,Nuevo,RR0022,https://wa.me/+59891722213?text=Hola%2C+estoy+interesado+en+este+producto%3A+Adidas+Samba+https%3A%2F%2Fgenuinosuy.rdi.store%2Fprodutos%2F441e4fb8-7bb1-4162-acd8-0d3a0b486ce2,Adidas_Samba_1.jpg; Adidas_Samba_2.jpg; Adidas_Samba_3.jpg; Adidas_Samba_4.jpg; Adidas_Samba_5.jpg; Adidas_Samba_6.jpg; Adidas_Samba_7.jpg; Adidas_Samba_8.jpg,https://assets.rediredi.com/items/images/c413934f-abb7-4d2f-b3c5-0366a2b750d6_cb78d212-8023-413c-9e81-9e43b75b89fd.jpg; https://assets.rediredi.com/items/images/c413934f-abb7-4d2f-b3c5-0366a2b750d6_2b64805c-0f3c-488c-9abe-e8a3e8e2fedf.jpg; https://assets.rediredi.com/items/images/c413934f-abb7-4d2f-b3c5-0366a2b750d6_755bc078-eed3-4677-a699-86577493144f.jpg; https://assets.rediredi.com/items/images/c413934f-abb7-4d2f-b3c5-0366a2b750d6_4aa5afbf-d4cf-442f-a288-aca957ed684f.jpg; https://assets.rediredi.com/items/images/c413934f-abb7-4d2f-b3c5-0366a2b750d6_856cbadd-dafb-4615-a04c-03c13d3dff4b.jpg; https://assets.rediredi.com/items/images/c413934f-abb7-4d2f-b3c5-0366a2b750d6_6ee4ee62-2811-4c52-bca7-c711abd68f47.jpg; https://assets.rediredi.com/items/images/c413934f-abb7-4d2f-b3c5-0366a2b750d6_ec215a98-3133-46db-93a1-4f1010c0b8ea.jpg; https://assets.rediredi.com/items/images/c413934f-abb7-4d2f-b3c5-0366a2b750d6_7198f49b-596a-4dbe-abfb-abd3dd8a4fa6.jpg,2025-10-17T04:00:16.285Z,2026-06-12T01:47:08.620Z
c4adca5e-d2f7-43ec-8a14-c3aaecb59d62,Adidas Spezial,Adidas,Adidas,Unisex,2690,UYU,$ 2.690 UYU,Sin descripción,1,Nuevo,RR0043,https://wa.me/+59891722213?text=Hola%2C+estoy+interesado+en+este+producto%3A+Adidas+Spezial+https%3A%2F%2Fgenuinosuy.rdi.store%2Fprodutos%2Fc4adca5e-d2f7-43ec-8a14-c3aaecb59d62,Adidas_Spezial_1.jpg; Adidas_Spezial_2.jpg; Adidas_Spezial_3.jpg; Adidas_Spezial_4.jpg; Adidas_Spezial_5.jpg; Adidas_Spezial_6.jpg,https://assets.rediredi.com/items/images/c413934f-abb7-4d2f-b3c5-0366a2b750d6_e4574beb-7c3c-42a7-b2a7-ace5b96473a4.jpg; https://assets.rediredi.com/items/images/c413934f-abb7-4d2f-b3c5-0366a2b750d6_22138a6f-b07f-4d38-97bb-96d2fdc63605.jpg; https://assets.rediredi.com/items/images/c413934f-abb7-4d2f-b3c5-0366a2b750d6_50a0c9ff-7e6e-4d4d-aa5d-540f3149e829.jpg; https://assets.rediredi.com/items/images/c413934f-abb7-4d2f-b3c5-0366a2b750d6_ff22f585-7ccb-4ed0-afdb-27216a11dad3.jpg; https://assets.rediredi.com/items/images/c413934f-abb7-4d2f-b3c5-0366a2b750d6_85fec2a7-3be5-41f5-910f-4b1e7ad3f127.jpg; https://assets.rediredi.com/items/images/c413934f-abb7-4d2f-b3c5-0366a2b750d6_26975548-ec7f-4cff-8205-563e398ebf36.jpg,2026-06-12T01:51:33.734Z,2026-06-12T01:57:18.242Z
813824eb-b192-4478-9051-c12b52b9effc,CALZADO KIDS,Calzado Kids,Calzado Kids,Infantil / Kids,1400,UYU,$ 1.400 UYU,Sin descripción,1,Nuevo,RR0040,https://wa.me/+59891722213?text=Hola%2C+estoy+interesado+en+este+producto%3A+CALZADO+KIDS+https%3A%2F%2Fgenuinosuy.rdi.store%2Fprodutos%2F813824eb-b192-4478-9051-c12b52b9effc,CALZADO_KIDS_1.jpg; CALZADO_KIDS_2.jpg; CALZADO_KIDS_3.jpg; CALZADO_KIDS_4.jpg; CALZADO_KIDS_5.jpg; CALZADO_KIDS_6.jpg; CALZADO_KIDS_7.jpg,https://assets.rediredi.com/items/images/c413934f-abb7-4d2f-b3c5-0366a2b750d6_798a0e70-fa51-4b7e-8278-741fb3ebd94c.jpg; https://assets.rediredi.com/items/images/c413934f-abb7-4d2f-b3c5-0366a2b750d6_15c11f86-f3c8-44db-a787-07e18a48fe4e.jpg; https://assets.rediredi.com/items/images/c413934f-abb7-4d2f-b3c5-0366a2b750d6_d4151c56-ad8f-4cae-b2f2-6e8bd0030124.jpg; https://assets.rediredi.com/items/images/c413934f-abb7-4d2f-b3c5-0366a2b750d6_e14c7be7-2a6a-4953-ba97-3bfa8bfd00b5.jpg; https://assets.rediredi.com/items/images/c413934f-abb7-4d2f-b3c5-0366a2b750d6_74114a15-8acd-4ea9-a5b8-765376eb7980.jpg; https://assets.rediredi.com/items/images/c413934f-abb7-4d2f-b3c5-0366a2b750d6_fd23ded6-3b1c-46a1-951e-330f71e27ec1.jpg; https://assets.rediredi.com/items/images/c413934f-abb7-4d2f-b3c5-0366a2b750d6_5833da1e-287e-4ae4-8398-72c4819ce075.jpg,2025-10-24T15:43:21.606Z,2025-10-24T15:43:48.669Z
6eccc4ea-5e0f-4841-8771-e8c36db2e638,Converse All Star,All star,Converse,Unisex,2590,UYU,$ 2.590 UYU,Sin descripción,1,Nuevo,RR0035,https://wa.me/+59891722213?text=Hola%2C+estoy+interesado+en+este+producto%3A+Converse+All+Star+https%3A%2F%2Fgenuinosuy.rdi.store%2Fprodutos%2F6eccc4ea-5e0f-4841-8771-e8c36db2e638,Converse_All_Star_1.jpg; Converse_All_Star_2.jpg; Converse_All_Star_3.jpg; Converse_All_Star_4.jpg; Converse_All_Star_5.jpg; Converse_All_Star_6.jpg; Converse_All_Star_7.jpg; Converse_All_Star_8.jpg,https://assets.rediredi.com/items/images/c413934f-abb7-4d2f-b3c5-0366a2b750d6_61a7c5b8-1775-48a4-9620-1facca75205f.jpg; https://assets.rediredi.com/items/images/c413934f-abb7-4d2f-b3c5-0366a2b750d6_380a97e3-9b78-4b89-999b-04e648b2d39d.jpg; https://assets.rediredi.com/items/images/c413934f-abb7-4d2f-b3c5-0366a2b750d6_fe29c9c3-e64e-40a1-bbef-69b9e435271d.jpg; https://assets.rediredi.com/items/images/c413934f-abb7-4d2f-b3c5-0366a2b750d6_77caeea1-4690-42b2-8cf4-c7bf3453672c.jpg; https://assets.rediredi.com/items/images/c413934f-abb7-4d2f-b3c5-0366a2b750d6_94d97b32-646e-4209-a963-dc4a652bf490.jpg; https://assets.rediredi.com/items/images/c413934f-abb7-4d2f-b3c5-0366a2b750d6_5c25ad90-f827-4ba5-bddd-b5f2409deb51.jpg; https://assets.rediredi.com/items/images/c413934f-abb7-4d2f-b3c5-0366a2b750d6_a8cd4112-8860-4e8b-9110-dc5a5398d34d.jpg; https://assets.rediredi.com/items/images/c413934f-abb7-4d2f-b3c5-0366a2b750d6_3d0ef19d-e797-4ac3-a304-43350f9c7bae.jpg,2025-10-17T15:13:08.103Z,2025-10-17T15:13:33.087Z
e52bce38-a151-4b7f-9151-588f2130afab,Converse All Star Bota,All star,Converse,Unisex,2790,UYU,$ 2.790 UYU,Sin descripción,1,Nuevo,RR0036,https://wa.me/+59891722213?text=Hola%2C+estoy+interesado+en+este+producto%3A+Converse+All+Star+Bota+https%3A%2F%2Fgenuinosuy.rdi.store%2Fprodutos%2Fe52bce38-a151-4b7f-9151-588f2130afab,Converse_All_Star_Bota_1.jpg; Converse_All_Star_Bota_2.jpg,https://assets.rediredi.com/items/images/c413934f-abb7-4d2f-b3c5-0366a2b750d6_96610ed1-f184-4004-a67d-5857e125f6c2.jpg; https://assets.rediredi.com/items/images/c413934f-abb7-4d2f-b3c5-0366a2b750d6_8a5078b6-ba39-4c1a-bce7-093760988906.jpg,2025-10-17T15:14:41.291Z,2026-06-12T01:52:30.699Z
7a4e0539-744e-4bf6-9e10-cd8503aa7880,Louis Vuitton,Louis Vuitton,Louis Vuitton,Unisex,2690,UYU,$ 2.690 UYU,Sin descripción,1,Nuevo,RR0014,https://wa.me/+59891722213?text=Hola%2C+estoy+interesado+en+este+producto%3A+Louis+Vuitton+https%3A%2F%2Fgenuinosuy.rdi.store%2Fprodutos%2F7a4e0539-744e-4bf6-9e10-cd8503aa7880,Louis_Vuitton_1.jpg; Louis_Vuitton_2.jpg; Louis_Vuitton_3.jpg; Louis_Vuitton_4.jpg,https://assets.rediredi.com/items/images/c413934f-abb7-4d2f-b3c5-0366a2b750d6_83f5ed90-916c-4155-9933-659cc3fdf77a.jpg; https://assets.rediredi.com/items/images/c413934f-abb7-4d2f-b3c5-0366a2b750d6_7e49a603-73e0-480b-9f40-c0abe3bbee46.jpg; https://assets.rediredi.com/items/images/c413934f-abb7-4d2f-b3c5-0366a2b750d6_e9647858-dbc9-45b6-9938-a8f77d6e5077.jpg; https://assets.rediredi.com/items/images/c413934f-abb7-4d2f-b3c5-0366a2b750d6_42dff1cd-c177-4e6e-90ad-feda35e60920.jpg,2025-10-17T03:28:35.335Z,2026-06-12T01:45:18.528Z
890f0136-4a40-416e-8399-f84e17edc4ea,New Balance 530,New Balance,New Balance,Unisex,2550,UYU,$ 2.550 UYU,Sin descripción,1,Nuevo,RR0044,https://wa.me/+59891722213?text=Hola%2C+estoy+interesado+en+este+producto%3A+New+Balance+530+https%3A%2F%2Fgenuinosuy.rdi.store%2Fprodutos%2F890f0136-4a40-416e-8399-f84e17edc4ea,New_Balance_530_1.jpg; New_Balance_530_2.jpg; New_Balance_530_3.jpg; New_Balance_530_4.jpg,https://assets.rediredi.com/items/images/c413934f-abb7-4d2f-b3c5-0366a2b750d6_0d69ca1d-9ca6-45a8-b105-4708b63a9b0e.jpg; https://assets.rediredi.com/items/images/c413934f-abb7-4d2f-b3c5-0366a2b750d6_b1431189-7d84-478f-a130-1097394aa0e8.jpg; https://assets.rediredi.com/items/images/c413934f-abb7-4d2f-b3c5-0366a2b750d6_f2903cb2-69c6-4188-9005-c844a900fcdb.jpg; https://assets.rediredi.com/items/images/c413934f-abb7-4d2f-b3c5-0366a2b750d6_42d50288-fd9f-4978-b216-e1ba6fc0c1de.jpg,2026-06-12T01:58:58.265Z,2026-06-12T01:59:19.180Z
7b397183-57d0-4ab7-a5cc-483d6dabf4a8,New Balance 9060,9060,New Balance,Unisex,2550,UYU,$ 2.550 UYU,Sin descripción,1,Nuevo,RR0041,https://wa.me/+59891722213?text=Hola%2C+estoy+interesado+en+este+producto%3A+New+Balance+9060+https%3A%2F%2Fgenuinosuy.rdi.store%2Fprodutos%2F7b397183-57d0-4ab7-a5cc-483d6dabf4a8,New_Balance_9060_1.jpg; New_Balance_9060_2.jpg,https://assets.rediredi.com/items/images/c413934f-abb7-4d2f-b3c5-0366a2b750d6_ee9b908d-d452-4ac0-a6a8-a19fb898020e.jpg; https://assets.rediredi.com/items/images/c413934f-abb7-4d2f-b3c5-0366a2b750d6_7872bd80-85d6-4d43-a4f6-4c7320d196e4.jpg,2025-10-24T15:47:23.246Z,2025-10-24T15:47:45.139Z
64d54a7b-890f-49ac-8025-ed625b4de4c4,Nike Air Forcé,Air Force,Nike,Unisex,2390,UYU,$ 2.390 UYU,Sin descripción,1,Nuevo,RR0038,https://wa.me/+59891722213?text=Hola%2C+estoy+interesado+en+este+producto%3A+Nike+Air+Forc%C3%A9+https%3A%2F%2Fgenuinosuy.rdi.store%2Fprodutos%2F64d54a7b-890f-49ac-8025-ed625b4de4c4,Nike_Air_Forcé_1.jpg; Nike_Air_Forcé_2.jpg; Nike_Air_Forcé_3.jpg; Nike_Air_Forcé_4.jpg; Nike_Air_Forcé_5.jpg; Nike_Air_Forcé_6.jpg,https://assets.rediredi.com/items/images/c413934f-abb7-4d2f-b3c5-0366a2b750d6_6bcdb586-9d92-4b5a-8372-653d6d2b0616.jpg; https://assets.rediredi.com/items/images/c413934f-abb7-4d2f-b3c5-0366a2b750d6_e89aefca-c897-4e67-95b9-f016fba782ee.jpg; https://assets.rediredi.com/items/images/c413934f-abb7-4d2f-b3c5-0366a2b750d6_ea51b0a9-45a0-47da-bcef-16de6e8829bc.jpg; https://assets.rediredi.com/items/images/c413934f-abb7-4d2f-b3c5-0366a2b750d6_3c714fe8-56e1-400e-81ce-f73ef2275236.jpg; https://assets.rediredi.com/items/images/c413934f-abb7-4d2f-b3c5-0366a2b750d6_edb660eb-2398-45d5-a612-627fd8f5e1f1.jpg; https://assets.rediredi.com/items/images/c413934f-abb7-4d2f-b3c5-0366a2b750d6_0501ad62-cfb1-4b44-be50-c6b05ac448f6.jpg,2025-10-17T15:27:33.317Z,2026-06-12T01:42:47.421Z
766b15d6-37c5-4b3c-9bf4-cd59a7afd3d6,Nike Ambush,Ambush,Nike,Unisex,2390,UYU,$ 2.390 UYU,Sin descripción,1,Nuevo,RR0030,https://wa.me/+59891722213?text=Hola%2C+estoy+interesado+en+este+producto%3A+Nike+Ambush+https%3A%2F%2Fgenuinosuy.rdi.store%2Fprodutos%2F766b15d6-37c5-4b3c-9bf4-cd59a7afd3d6,Nike_Ambush_1.jpg,https://assets.rediredi.com/items/images/c413934f-abb7-4d2f-b3c5-0366a2b750d6_84983370-fe43-4262-a1c3-29d333b19471.jpg,2025-10-17T04:16:21.396Z,2026-06-12T01:59:57.625Z
f0593b43-bffe-4dbf-a45b-84c165c411d8,Nike Dunk,Dunk,Nike,Unisex,2290,UYU,$ 2.290 UYU,Sin descripción,1,Nuevo,RR0034,https://wa.me/+59891722213?text=Hola%2C+estoy+interesado+en+este+producto%3A+Nike+Dunk+https%3A%2F%2Fgenuinosuy.rdi.store%2Fprodutos%2Ff0593b43-bffe-4dbf-a45b-84c165c411d8,Nike_Dunk_1.jpg; Nike_Dunk_2.jpg; Nike_Dunk_3.jpg; Nike_Dunk_4.jpg,https://assets.rediredi.com/items/images/c413934f-abb7-4d2f-b3c5-0366a2b750d6_48609823-33a7-48c0-b39d-1bddd0d5c616.jpg; https://assets.rediredi.com/items/images/c413934f-abb7-4d2f-b3c5-0366a2b750d6_7accce43-4f28-4ead-977b-1d406603edbd.jpg; https://assets.rediredi.com/items/images/c413934f-abb7-4d2f-b3c5-0366a2b750d6_ed7d2e1a-d267-4286-9f09-53ba12474a5f.jpg; https://assets.rediredi.com/items/images/c413934f-abb7-4d2f-b3c5-0366a2b750d6_086b270c-20b3-45d9-9efb-d2457f524534.jpg,2025-10-17T15:11:38.784Z,2026-06-12T01:43:17.719Z
4d683d21-d7f0-442e-a408-24942d272278,Nike dunk,Dunk,Nike,Unisex,2390,UYU,$ 2.390 UYU,Sin descripción,1,Nuevo,RR0004,https://wa.me/+59891722213?text=Hola%2C+estoy+interesado+en+este+producto%3A+Nike+dunk+https%3A%2F%2Fgenuinosuy.rdi.store%2Fprodutos%2F4d683d21-d7f0-442e-a408-24942d272278,Nike_dunk_1.jpg; Nike_dunk_2.jpg; Nike_dunk_3.jpg; Nike_dunk_4.jpg,https://assets.rediredi.com/items/images/c413934f-abb7-4d2f-b3c5-0366a2b750d6_d087f30e-9178-42ef-9d4b-e47fa7670afa.jpg; https://assets.rediredi.com/items/images/c413934f-abb7-4d2f-b3c5-0366a2b750d6_ec02de98-2e07-41c7-91a3-1ca403e793c5.jpg; https://assets.rediredi.com/items/images/c413934f-abb7-4d2f-b3c5-0366a2b750d6_3494e4d3-bfca-40c1-a7f1-cdff68331c89.jpg; https://assets.rediredi.com/items/images/c413934f-abb7-4d2f-b3c5-0366a2b750d6_276699e2-d986-42fe-8740-ac80f76bf560.jpg,2025-10-17T03:01:53.261Z,2026-06-12T01:45:30.322Z
da1a94f3-1ade-4828-8ad5-247928beb651,Nike Jordan 6,Jordan,Nike,Unisex,2590,UYU,$ 2.590 UYU,Sin descripción,1,Nuevo,RR0037,https://wa.me/+59891722213?text=Hola%2C+estoy+interesado+en+este+producto%3A+Nike+Jordan+6+https%3A%2F%2Fgenuinosuy.rdi.store%2Fprodutos%2Fda1a94f3-1ade-4828-8ad5-247928beb651,Nike_Jordan_6_1.jpg; Nike_Jordan_6_2.jpg; Nike_Jordan_6_3.jpg,https://assets.rediredi.com/items/images/c413934f-abb7-4d2f-b3c5-0366a2b750d6_a61378c9-b495-4f01-94ba-129fbbb87ad1.jpg; https://assets.rediredi.com/items/images/c413934f-abb7-4d2f-b3c5-0366a2b750d6_071a2cb0-c84f-4e00-8acd-a96c8cadee52.jpg; https://assets.rediredi.com/items/images/c413934f-abb7-4d2f-b3c5-0366a2b750d6_778f8ba0-f92f-46c7-84ab-6c94a595cc4b.jpg,2025-10-17T15:17:09.037Z,2025-10-17T15:17:21.965Z
4e648da2-cedd-47f6-9de3-5d7ff5ef2cf8,Puma 180,180,Puma,Unisex,2550,UYU,$ 2.550 UYU,Sin descripción,1,Nuevo,RR0042,https://wa.me/+59891722213?text=Hola%2C+estoy+interesado+en+este+producto%3A+Puma+180+https%3A%2F%2Fgenuinosuy.rdi.store%2Fprodutos%2F4e648da2-cedd-47f6-9de3-5d7ff5ef2cf8,Puma_180_1.jpg; Puma_180_2.jpg; Puma_180_3.jpg; Puma_180_4.jpg,https://assets.rediredi.com/items/images/c413934f-abb7-4d2f-b3c5-0366a2b750d6_8cd16fa8-b86e-4f76-b138-22cf522bd8d7.jpg; https://assets.rediredi.com/items/images/c413934f-abb7-4d2f-b3c5-0366a2b750d6_ee4955da-aa53-4e00-a638-e5365ed1d779.jpg; https://assets.rediredi.com/items/images/c413934f-abb7-4d2f-b3c5-0366a2b750d6_3e58eb2b-2b2f-47e3-9230-cb8e9fc8f970.jpg; https://assets.rediredi.com/items/images/c413934f-abb7-4d2f-b3c5-0366a2b750d6_d9d4d404-7647-4428-80b1-69a3448ea51f.jpg,2025-10-24T15:59:10.588Z,2025-10-24T15:59:32.537Z
4c9d8268-5bab-45fe-b58f-7fc915137032,Puma Suede Xl,Suede Xl,Puma,Unisex,3300,UYU,$ 3.300 UYU,Sin descripción,1,Nuevo,RR0027,https://wa.me/+59891722213?text=Hola%2C+estoy+interesado+en+este+producto%3A+Puma+Suede+Xl+https%3A%2F%2Fgenuinosuy.rdi.store%2Fprodutos%2F4c9d8268-5bab-45fe-b58f-7fc915137032,Puma_Suede_Xl_1.jpg; Puma_Suede_Xl_2.jpg; Puma_Suede_Xl_3.jpg; Puma_Suede_Xl_4.jpg; Puma_Suede_Xl_5.jpg,https://assets.rediredi.com/items/images/c413934f-abb7-4d2f-b3c5-0366a2b750d6_9883ffb3-1a67-4602-a62a-3476fa1905db.jpg; https://assets.rediredi.com/items/images/c413934f-abb7-4d2f-b3c5-0366a2b750d6_699bb02f-6815-4f2c-bfab-d0b457b7ed9f.jpg; https://assets.rediredi.com/items/images/c413934f-abb7-4d2f-b3c5-0366a2b750d6_2d088613-478d-4993-a137-7c654e8c5ab5.jpg; https://assets.rediredi.com/items/images/c413934f-abb7-4d2f-b3c5-0366a2b750d6_83a9e2f2-73f7-434d-99ab-da1215898367.jpg; https://assets.rediredi.com/items/images/c413934f-abb7-4d2f-b3c5-0366a2b750d6_d7e716c9-4380-451c-bedc-1559466fef8f.jpg,2025-10-17T04:11:05.770Z,2025-10-17T14:45:04.600Z
cdd41f32-8abf-44fe-9aff-06e7223557e7,Pumas Palermo,Palermo,Puma,Unisex,2290,UYU,$ 2.290 UYU,Sin descripción,1,Nuevo,RR0015,https://wa.me/+59891722213?text=Hola%2C+estoy+interesado+en+este+producto%3A+Pumas+Palermo+https%3A%2F%2Fgenuinosuy.rdi.store%2Fprodutos%2Fcdd41f32-8abf-44fe-9aff-06e7223557e7,Pumas_Palermo_1.jpg; Pumas_Palermo_2.jpg; Pumas_Palermo_3.jpg,https://assets.rediredi.com/items/images/c413934f-abb7-4d2f-b3c5-0366a2b750d6_f91c92be-6f8d-4816-9307-b51c15febab7.jpg; https://assets.rediredi.com/items/images/c413934f-abb7-4d2f-b3c5-0366a2b750d6_6f3b7df9-f676-4d1c-b1f1-9376a397d5ce.jpg; https://assets.rediredi.com/items/images/c413934f-abb7-4d2f-b3c5-0366a2b750d6_00564412-1e43-4be7-817f-0a777cd68e96.jpg,2025-10-17T03:33:59.582Z,2026-06-12T01:44:58.606Z
36fb37c2-7779-41a6-8e2f-f678a0516b3f,Vane Knu Bota,Knu,Vans,Unisex,2390,UYU,$ 2.390 UYU,Sin descripción,1,Nuevo,RR0032,https://wa.me/+59891722213?text=Hola%2C+estoy+interesado+en+este+producto%3A+Vane+Knu+Bota+https%3A%2F%2Fgenuinosuy.rdi.store%2Fprodutos%2F36fb37c2-7779-41a6-8e2f-f678a0516b3f,Vane_Knu_Bota_1.jpg,https://assets.rediredi.com/items/images/c413934f-abb7-4d2f-b3c5-0366a2b750d6_ebf57828-c963-436f-b26f-75ba4ae9e581.jpg,2025-10-17T15:08:10.028Z,2025-10-17T15:08:19.265Z
7ad4b3e6-f9bd-42c9-8736-bbaf6b75f4d4,Vane knu Plataforma,Knu,Vans,Unisex,2290,UYU,$ 2.290 UYU,Sin descripción,1,Nuevo,RR0031,https://wa.me/+59891722213?text=Hola%2C+estoy+interesado+en+este+producto%3A+Vane+knu+Plataforma+https%3A%2F%2Fgenuinosuy.rdi.store%2Fprodutos%2F7ad4b3e6-f9bd-42c9-8736-bbaf6b75f4d4,Vane_knu_Plataforma_1.jpg; Vane_knu_Plataforma_2.jpg; Vane_knu_Plataforma_3.jpg; Vane_knu_Plataforma_4.jpg,https://assets.rediredi.com/items/images/c413934f-abb7-4d2f-b3c5-0366a2b750d6_1e195adc-23ae-4ea2-97c2-7c9381737c61.jpg; https://assets.rediredi.com/items/images/c413934f-abb7-4d2f-b3c5-0366a2b750d6_98b4baf1-aac2-4f71-abc7-f7a006a52acf.jpg; https://assets.rediredi.com/items/images/c413934f-abb7-4d2f-b3c5-0366a2b750d6_c5f6016d-0fcf-4c51-b6c8-6578bfcc95a7.jpg; https://assets.rediredi.com/items/images/c413934f-abb7-4d2f-b3c5-0366a2b750d6_1a81cffe-97ec-4011-9e24-a0b6cf44ea24.jpg,2025-10-17T14:51:03.972Z,2025-10-17T14:51:11.604Z
95782f7b-9dcc-47a9-b318-2c65be8c7ca6,Vans Knu,Knu,Vans,Unisex,2860,UYU,$ 2.860 UYU,Sin descripción,1,Nuevo,RR0010,https://wa.me/+59891722213?text=Hola%2C+estoy+interesado+en+este+producto%3A+Vans+Knu+https%3A%2F%2Fgenuinosuy.rdi.store%2Fprodutos%2F95782f7b-9dcc-47a9-b318-2c65be8c7ca6,Vans_Knu_1.jpg; Vans_Knu_2.jpg; Vans_Knu_3.jpg; Vans_Knu_4.jpg; Vans_Knu_5.jpg; Vans_Knu_6.jpg; Vans_Knu_7.jpg,https://assets.rediredi.com/items/images/c413934f-abb7-4d2f-b3c5-0366a2b750d6_2d506abe-a43a-4283-9a56-9bc74688d4ad.jpg; https://assets.rediredi.com/items/images/c413934f-abb7-4d2f-b3c5-0366a2b750d6_41f3369f-60de-4416-9e45-4185369434c6.jpg; https://assets.rediredi.com/items/images/c413934f-abb7-4d2f-b3c5-0366a2b750d6_df97e532-857d-4669-8e91-606644ecf8a0.jpg; https://assets.rediredi.com/items/images/c413934f-abb7-4d2f-b3c5-0366a2b750d6_824c2c39-cc99-4133-8539-28936cdbcb08.jpg; https://assets.rediredi.com/items/images/c413934f-abb7-4d2f-b3c5-0366a2b750d6_7ac2a5c5-9bc7-4dac-a01e-3e246be5b315.jpg; https://assets.rediredi.com/items/images/c413934f-abb7-4d2f-b3c5-0366a2b750d6_bfcfd248-f799-42b1-b74c-95f352492655.jpg; https://assets.rediredi.com/items/images/c413934f-abb7-4d2f-b3c5-0366a2b750d6_b290a45f-d41b-4e01-a15f-4e8b98c6c4bf.jpg,2025-10-17T03:20:35.804Z,2026-06-12T02:00:25.740Z
c56e1e8d-6ef4-41e8-9186-9d7ab478b06a,Vans Old Skool,Old Skool,Vans,Unisex,2290,UYU,$ 2.290 UYU,Sin descripción,1,Nuevo,RR0039,https://wa.me/+59891722213?text=Hola%2C+estoy+interesado+en+este+producto%3A+Vans+Old+Skool+https%3A%2F%2Fgenuinosuy.rdi.store%2Fprodutos%2Fc56e1e8d-6ef4-41e8-9186-9d7ab478b06a,Vans_Old_Skool_1.jpg,https://assets.rediredi.com/items/images/c413934f-abb7-4d2f-b3c5-0366a2b750d6_b4ab6dc2-82a6-4dd2-846b-ae8b2a53fa45.jpg,2025-10-17T15:30:00.855Z,2026-06-12T01:42:57.201Z
